,City,Lat,Lng,Max Temp,Humidity,Cloudiness,Wind Speed,Country,Date
0,Port Elizabeth,-33.918,25.5701,66.2,68,0,14.97,ZA,1612242721
1,Souillac,-20.5167,57.5167,86.0,70,40,14.97,MU,1612242983
2,Tilichiki,60.4667,166.1,8.15,96,100,8.52,RU,1612242984
3,Vaini,-21.2,-175.2,82.4,78,40,25.32,TO,1612242985
4,Bredasdorp,-34.5322,20.0403,64.4,55,0,11.5,ZA,1612242985
5,Beringovskiy,63.05,179.3167,26.58,98,97,20.69,RU,1612242985
6,Rikitea,-23.1203,-134.9692,78.39,77,100,15.82,PF,1612242986
7,Hilo,19.7297,-155.09,69.8,78,1,5.48,US,1612242986
8,Ushuaia,-54.8,-68.3,48.2,87,75,9.22,AR,1612242986
9,Itarema,-2.9248,-39.9167,78.17,81,100,12.17,BR,1612242986
10,Lebu,-37.6167,-73.65,55.72,89,2,13.2,CL,1612242852
11,Jedburgh,55.48,-2.552,36.0,92,100,16.15,GB,1612242986
12,Mirny,62.5353,113.9611,-35.19,81,83,8.05,RU,1612242987
13,Saiha,22.4833,92.9667,77.97,16,0,3.24,IN,1612242987
14,Punta Arenas,-53.15,-70.9167,51.8,76,0,35.68,CL,1612242803
15,Bac Lieu,9.285,105.7244,83.23,60,35,16.8,VN,1612242988
16,Kapaa,22.0752,-159.319,71.6,88,40,13.8,US,1612242988
17,Jamestown,42.097,-79.2353,21.99,93,90,10.36,US,1612242988
18,Atuona,-9.8,-139.0333,78.6,80,2,14.36,PF,1612242988
19,Hobart,-42.8794,147.3294,69.01,40,75,14.97,AU,1612242819
20,Ahipara,-35.1667,173.1667,68.77,65,9,4.5,NZ,1612242988
21,Ribeira Grande,38.5167,-28.7,57.87,66,100,30.2,PT,1612242989
22,Oudtshoorn,-33.5907,22.2014,57.2,77,0,4.61,ZA,1612242989
23,Mataura,-46.1927,168.8643,79.93,36,83,3.24,NZ,1612242989
24,Luganville,-15.5333,167.1667,84.78,72,100,14.61,VU,1612242989
25,Boa Esperança,-21.09,-45.5658,67.03,93,100,2.77,BR,1612242990
26,Saint George,37.1041,-113.5841,51.8,43,90,8.05,US,1612242990
27,Cayenne,4.9333,-52.3333,77.0,94,75,9.22,GF,1612242806
28,Olafsvik,64.8945,-23.7142,35.11,81,100,12.46,IS,1612242990
29,Sirajganj,24.45,89.7167,65.75,52,14,7.0,BD,1612242990
30,Rio Grande,-32.035,-52.0986,72.0,97,56,7.25,BR,1612242990
31,Busselton,-33.65,115.3333,88.12,31,0,9.66,AU,1612242991
32,Severo-Kuril'Sk,50.6789,156.125,22.21,96,100,21.54,RU,1612242991
33,Kasane,-17.8167,25.15,69.8,100,75,4.61,BW,1612242724
34,Ilulissat,69.2167,-51.1,3.2,85,90,19.57,GL,1612242736
35,Dikson,73.5069,80.5464,-13.74,85,97,15.32,RU,1612242710
36,Hualmay,-11.0964,-77.6139,69.03,83,84,3.94,PE,1612242991
37,Tegul'Det,57.3064,88.1667,-1.91,87,54,3.04,RU,1612242992
38,Butaritari,3.0707,172.7902,81.72,83,67,15.28,KI,1612242992
39,Arlit,18.7369,7.3853,57.43,29,0,2.59,NE,1612242992
40,Saint-Philippe,-21.3585,55.7679,86.0,66,75,3.44,RE,1612242992
41,Cidreira,-30.1811,-50.2056,74.43,86,0,9.6,BR,1612242992
42,Langsa,4.4683,97.9683,92.5,49,68,2.57,ID,1612242993
43,Salò,45.6086,10.531,36.0,93,75,3.44,IT,1612242993
44,Caravelas,-17.7125,-39.2481,74.01,89,100,4.14,BR,1612242993
45,Barrow,71.2906,-156.7887,-25.6,68,1,12.66,US,1612242993
46,George Town,5.4112,100.3354,87.8,62,40,4.61,MY,1612242993
47,Chabahar,25.2919,60.643,69.44,59,0,4.72,IR,1612242993
48,Bengkulu,-3.8004,102.2655,86.49,60,60,9.19,ID,1612242994
49,Lüderitz,-26.6481,15.1594,61.56,84,0,12.39,NA,1612242994
50,Cherskiy,68.75,161.3,5.05,92,100,6.64,RU,1612242994
51,Albany,42.6001,-73.9662,24.01,84,100,4.0,US,1612242719
52,Anadyr,64.75,177.4833,15.8,92,90,44.74,RU,1612242995
53,Thompson,55.7435,-97.8558,10.4,92,75,3.44,CA,1612242862
54,Uray,60.1247,64.7758,14.38,95,0,11.27,RU,1612242995
55,Majene,-3.5403,118.9707,88.65,58,93,12.5,ID,1612242737
56,Hermanus,-34.4187,19.2345,66.0,62,0,1.99,ZA,1612242996
57,La Ronge,55.1001,-105.2842,15.8,86,100,5.75,CA,1612242996
58,Omsukchan,62.5333,155.8,-30.5,80,100,4.38,RU,1612242996
59,Port Alfred,-33.5906,26.891,66.99,72,58,3.0,ZA,1612242715
60,Clyde River,70.4692,-68.5914,-23.8,69,1,2.3,CA,1612242997
61,Bluff,-46.6,168.3333,64.24,69,81,7.05,NZ,1612242997
62,Ekhabi,53.5102,142.9671,-24.57,84,100,17.47,RU,1612242997
63,Dom Pedrito,-30.9828,-54.6731,70.83,91,76,5.35,BR,1612242997
64,Hong Kong,22.2855,114.1577,81.0,60,20,8.05,HK,1612242997
65,San Patricio,28.017,-97.5169,50.0,66,1,6.22,US,1612242998
66,Moramanga,-18.9333,48.2,71.42,85,89,3.0,MG,1612242998
67,Opuwo,-18.0607,13.84,62.46,42,3,3.53,NA,1612242998
68,Tarbagatay,51.4803,107.3602,-18.4,63,100,4.54,RU,1612242998
69,Saint Paul Harbor,57.79,-152.4072,26.6,50,1,11.5,US,1612242998
70,Whitehorse,60.7161,-135.0538,-5.01,71,90,10.36,CA,1612242905
71,Bambous Virieux,-20.3428,57.7575,86.0,70,40,14.97,MU,1612242999
72,Leningradskiy,69.3833,178.4167,0.88,87,100,33.93,RU,1612242999
73,Mahébourg,-20.4081,57.7,86.0,70,40,14.97,MU,1612242985
74,Qaanaaq,77.484,-69.3632,-6.02,76,95,4.83,GL,1612242999
75,Airai,-8.9266,125.4092,71.96,80,96,5.88,TL,1612242999
76,Hofn,64.2539,-15.2082,32.81,90,100,13.62,IS,1612242754
77,Kyaikto,17.3,97.0167,86.94,27,53,3.56,MM,1612243000
78,Kaitangata,-46.2817,169.8464,66.0,80,34,8.01,NZ,1612243000
79,Mossamedes,-15.1961,12.1522,71.82,77,57,6.98,AO,1612242782
80,Bairnsdale,-37.8333,147.6167,69.01,59,7,5.01,AU,1612243001
81,Bethel,41.3712,-73.414,30.99,93,90,10.36,US,1612242717
82,Port Lincoln,-34.7333,135.8667,66.56,56,25,14.79,AU,1612243001
83,Henties Bay,-22.116,14.2845,66.0,82,55,2.91,NA,1612243002
84,Cape Town,-33.9258,18.4232,63.0,77,0,2.3,ZA,1612242723
85,Hithadhoo,-0.6,73.0833,82.11,72,30,2.28,MV,1612242781
86,Slave Lake,55.2834,-114.769,12.2,85,90,8.05,CA,1612243002
87,Flinders,-34.5833,150.8552,72.0,64,45,1.01,AU,1612243002
88,St. George'S,12.0564,-61.7485,78.8,78,40,13.8,GD,1612243002
89,Kahului,20.8947,-156.47,73.4,68,40,10.36,US,1612243003
90,Broken Hill,-31.95,141.4333,78.8,21,0,18.41,AU,1612243003
91,Iskateley,67.6803,53.1512,15.1,96,100,17.69,RU,1612243003
92,Province Of Mantua,45.1667,10.7833,33.01,100,42,3.44,IT,1612243003
93,Doha,25.2867,51.5333,64.99,77,0,5.75,QA,1612242739
94,Kendari,-3.945,122.4989,84.67,72,100,2.89,ID,1612242978
95,Ixtapa,20.7,-105.2,72.0,88,90,2.21,MX,1612243004
96,Iqaluit,63.7506,-68.5145,-20.2,76,20,4.61,CA,1612243004
97,Lakes Entrance,-37.8811,147.981,69.01,59,4,5.01,AU,1612243004
98,Okhotsk,59.3833,143.3,-15.68,87,100,12.97,RU,1612243004
99,Agüimes,27.9054,-15.4461,64.0,82,20,16.11,ES,1612243004
100,Upernavik,72.7868,-56.1549,-4.86,90,100,7.14,GL,1612243005
101,Hasaki,35.7333,140.8333,59.0,72,20,3.44,JP,1612243005
102,New Norfolk,-42.7826,147.0587,70.0,47,86,3.0,AU,1612243006
103,Narsaq,60.9167,-46.05,26.6,74,75,2.26,GL,1612243006
104,Nehe,48.4833,124.8333,-9.45,77,30,10.51,CN,1612243006
105,Haines Junction,60.7522,-137.5108,-7.6,64,100,4.61,CA,1612243006
106,Saldanha,-33.0117,17.9442,64.4,59,0,1.14,ZA,1612243006
107,Sonoita,31.85,-112.8333,60.01,48,100,2.8,MX,1612243007
108,Ambilobe,-13.2,49.05,81.03,79,57,1.12,MG,1612243007
109,Villa María,-32.4075,-63.2402,58.71,85,21,7.23,AR,1612243007
110,Mae Sot,16.7167,98.5667,86.0,35,20,3.44,TH,1612243007
111,Ilo,-17.6394,-71.3375,68.14,77,88,4.38,PE,1612243008
112,Longyearbyen,78.2186,15.6401,17.6,79,90,11.5,SJ,1612243008
113,Paraty,-23.2178,-44.7131,74.88,76,97,4.34,BR,1612242795
114,Bilibino,68.0546,166.4372,-2.04,86,100,8.57,RU,1612243008
115,Sangmélima,2.9333,11.9833,70.47,89,75,4.45,CM,1612243009
116,Thio,-21.6167,166.2167,73.4,94,75,14.97,NC,1612243009
117,Maumere,-8.6199,122.2111,84.0,76,59,10.58,ID,1612242812
118,Andros Town,24.7,-77.7667,64.4,59,75,25.32,BS,1612243010
119,Saskylakh,71.9167,114.0833,-32.69,83,96,7.45,RU,1612243010
120,Vinh,18.6667,105.6667,72.59,76,53,6.06,VN,1612243010
121,Manicoré,-5.8092,-61.3003,73.99,95,84,1.48,BR,1612243011
122,Zaraza,9.3503,-65.3245,71.2,85,99,4.18,VE,1612243012
123,Puerto Ayora,-0.7393,-90.3518,78.01,92,16,3.0,EC,1612243012
124,Clarence Town,-32.5833,151.7833,79.0,68,40,17.27,AU,1612243012
125,Langenzersdorf,48.3,16.35,33.01,100,90,3.78,AT,1612243012
126,Klaksvík,62.2266,-6.589,28.4,74,40,3.44,FO,1612243013
127,Lompoc,34.6391,-120.4579,46.99,93,1,4.61,US,1612243014
128,Alice Springs,-23.7,133.8833,93.2,22,0,14.97,AU,1612242734
129,Papetoai,-17.4961,-149.8729,82.4,69,40,3.44,PF,1612243014
130,Bima,-8.4667,118.7167,85.19,75,87,4.92,ID,1612243015
131,Pisco,-13.7,-76.2167,69.8,68,0,5.75,PE,1612243015
132,Meghraj,23.5,73.5,78.1,17,0,8.41,IN,1612243016
133,Pevek,69.7008,170.3133,2.79,89,100,21.03,RU,1612243016
134,Puerto Escondido,15.85,-97.0667,76.98,58,0,6.4,MX,1612243016
135,Chokurdakh,70.6333,147.9167,-0.11,92,100,19.86,RU,1612243016
136,Linhares,-19.3911,-40.0722,71.01,95,100,1.23,BR,1612243016
137,Yellowknife,62.456,-114.3525,-5.8,71,90,12.66,CA,1612242905
138,La Rioja,42.25,-2.5,44.6,93,20,4.61,ES,1612243016
139,Burgeo,47.6167,-57.6152,25.81,89,7,5.48,CA,1612243017
140,Petrove,48.3247,33.2562,32.0,93,90,4.47,UA,1612243018
141,Dingle,10.9995,122.6711,82.24,79,100,13.29,PH,1612243018
142,Toktogul,41.8708,72.9402,36.75,73,60,0.58,KG,1612243018
143,Dedovichi,57.5517,29.9502,15.75,97,7,6.44,RU,1612243018
144,Tual,-5.6667,132.75,82.89,75,98,15.26,ID,1612243019
145,Avarua,-21.2078,-159.775,80.6,89,20,1.14,CK,1612242816
146,Poso,-1.3959,120.7524,85.82,64,83,6.53,ID,1612243020
147,Mongo,12.1844,18.693,66.94,24,0,5.48,TD,1612243020
148,Nanortalik,60.1432,-45.2371,21.7,91,14,8.21,GL,1612243020
149,Kumul,42.8,93.45,33.75,69,0,5.14,CN,1612243020
150,Wad Medani,14.4012,33.5199,70.12,25,0,9.08,SD,1612243021
151,Mehamn,71.0357,27.8492,25.16,93,100,11.77,NO,1612242993
152,Caçu,-18.5567,-51.1308,70.83,88,100,2.3,BR,1612243022
153,Ostrovnoy,68.0531,39.5131,20.41,97,100,5.66,RU,1612242768
154,Camaçari,-12.6975,-38.3242,78.8,83,40,3.44,BR,1612243022
155,Agia Marina,37.75,23.5333,55.99,79,100,1.99,GR,1612243022
156,Ponta Do Sol,32.6667,-17.1,55.0,72,0,5.01,PT,1612243022
157,Strezhevoy,60.7333,77.5889,6.8,85,0,11.18,RU,1612243023
158,Cabo San Lucas,22.8909,-109.9124,64.99,67,20,10.36,MX,1612242857
159,Talnakh,69.4865,88.3972,-14.46,87,87,8.05,RU,1612243023
160,Jalu,29.0331,21.5482,51.3,78,90,5.41,LY,1612243024
161,Chui,-33.6971,-53.4616,69.66,94,2,4.27,UY,1612243024
162,Khatanga,71.9667,102.5,-31.68,83,0,10.25,RU,1612243024
163,Sistranda,63.7256,8.834,21.2,79,20,14.97,NO,1612243025
164,Turochak,52.2576,87.1224,25.18,94,0,1.7,RU,1612243025
165,Carnarvon,-24.8667,113.6333,96.8,38,75,16.11,AU,1612243025
166,Berlevåg,70.8578,29.0864,26.02,93,100,13.38,NO,1612243026
167,Mar Del Plata,-38.0023,-57.5575,66.99,82,75,10.36,AR,1612243026
168,Bestöbe,52.4994,73.0975,11.82,92,72,8.63,KZ,1612243026
169,Lavrentiya,65.5833,-171.0,4.8,86,100,21.25,RU,1612243026
170,Grand-Lahou,5.1367,-5.0242,78.57,89,11,9.4,CI,1612243027
171,Verkhnyaya Inta,65.9811,60.3094,17.51,96,100,12.28,RU,1612243028
172,Hailar,49.2,119.7,-16.53,83,0,11.01,CN,1612243028
173,Córdoba,-31.4135,-64.1811,62.01,94,75,5.75,AR,1612242993
174,Ayorou,14.7308,0.9174,65.75,21,61,8.46,NE,1612243029
175,Toba,34.4833,136.85,55.99,59,49,5.99,JP,1612243029
176,Raduzhny,62.0961,77.475,3.52,94,100,10.58,RU,1612243030
177,Meulaboh,4.1363,96.1285,86.74,61,33,1.41,ID,1612243030
178,Fortuna,40.5982,-124.1573,52.0,100,90,8.01,US,1612243030
179,San Cristobal,7.7669,-72.225,69.31,74,99,1.99,VE,1612243031
180,Dumas,35.8656,-101.9732,48.99,42,1,10.36,US,1612243031
181,Cabedelo,-6.9811,-34.8339,78.8,78,20,6.91,BR,1612243031
182,Arraial Do Cabo,-22.9661,-42.0278,75.81,86,92,23.98,BR,1612243031
183,Vestmannaeyjar,63.4427,-20.2734,37.42,79,100,32.57,IS,1612243031
184,Fukuechō,32.6881,128.8419,46.4,57,20,16.11,JP,1612243031
185,Hoi An,15.8794,108.335,78.8,65,40,2.3,VN,1612243032
186,Bariloche,-41.1456,-71.3082,50.0,76,0,4.61,AR,1612242882
187,Kuito,-12.3833,16.9333,59.58,96,97,2.82,AO,1612243032
188,Takanosu,40.2219,140.3694,28.4,69,75,20.71,JP,1612243032
189,Humaitá,-7.5061,-63.0208,73.69,91,89,0.63,BR,1612243032
190,Castro,-24.7911,-50.0119,63.77,95,92,1.41,BR,1612243033
191,Touros,-5.1989,-35.4608,78.8,73,20,9.22,BR,1612243033
192,Tuktoyaktuk,69.4541,-133.0374,-18.4,76,40,11.5,CA,1612243034
193,Kangaatsiaq,68.3065,-53.4641,2.48,92,100,16.87,GL,1612243034
194,Wawa,9.9022,4.4192,70.38,23,0,3.2,NG,1612243034
195,Dicabisagan,17.0818,122.4157,75.36,81,97,8.52,PH,1612243034
196,Aksay,47.26,39.87,37.99,87,0,13.42,RU,1612243035
197,Penzance,50.1186,-5.5371,51.8,93,75,21.85,GB,1612243035
198,East London,-33.0153,27.9116,64.4,72,20,8.05,ZA,1612243028
199,Shaunavon,49.6501,-108.4181,35.6,60,83,4.61,CA,1612243035
200,Dabakala,8.3667,-4.4333,69.84,60,0,2.59,CI,1612243036
201,Namatanai,-3.6667,152.4333,80.96,81,100,10.27,PG,1612243036
202,Natal,-5.795,-35.2094,80.6,74,40,11.5,BR,1612242767
203,La Unión,-5.4,-80.75,75.22,69,78,13.04,PE,1612243037
204,Esperance,-33.8667,121.9,84.2,32,0,10.36,AU,1612243038
205,Amapá,1.0,-52.0,71.08,98,62,2.19,BR,1612243038
206,Urgut,39.4022,67.2431,46.4,87,75,4.61,UZ,1612243038
207,Belen,36.4891,36.2233,48.2,87,75,2.3,TR,1612243039
208,Chapada Dos Guimarães,-15.4606,-55.7497,77.0,88,0,4.61,BR,1612243039
209,Ketchikan,55.3422,-131.6461,32.0,100,90,4.61,US,1612243039
210,General Pico,-35.6566,-63.7568,59.25,85,84,4.88,AR,1612243039
211,Makakilo City,21.3469,-158.0858,71.6,83,75,5.75,US,1612243039
212,Pangnirtung,66.1451,-65.7125,-31.47,76,14,2.37,CA,1612243040
213,Pucallpa,-8.3791,-74.5539,73.98,92,100,2.33,PE,1612243041
214,Linjiang,41.8069,126.9078,5.36,78,74,10.74,CN,1612243041
215,Evensk,61.95,159.2333,-6.99,86,100,8.66,RU,1612243041
216,Nurota,40.5614,65.6886,46.4,87,75,6.91,UZ,1612243041
217,Port Hardy,50.6996,-127.4199,42.8,93,90,10.98,CA,1612243042
218,Kālīganj,23.4095,89.1402,73.31,30,0,6.26,BD,1612243042
219,Maţāy,28.419,30.7792,52.63,45,0,2.46,EG,1612243042
220,Champerico,14.3,-91.9167,66.99,79,0,4.9,GT,1612243043
221,Owando,-0.4819,15.8999,70.97,96,50,3.4,CG,1612243043
222,Chifeng,42.2683,118.9636,8.28,81,0,5.28,CN,1612243043
223,Syracuse,37.0881,15.2792,54.0,100,75,3.44,IT,1612243043
224,Tiksi,71.6872,128.8694,-11.36,90,100,11.01,RU,1612243044
225,Aksarka,66.5606,67.7975,10.89,96,100,7.36,RU,1612243044
226,Alofi,-19.0595,-169.9187,77.0,94,97,5.75,NU,1612243044
227,San Isidro,-12.1167,-77.05,68.0,83,0,5.75,PE,1612243044
228,Marabu,4.4148,114.0089,82.0,89,40,12.66,MY,1612243045
229,Guerrero Negro,27.9769,-114.0611,62.04,68,100,6.08,MX,1612243045
230,Kieta,-6.2167,155.6333,81.95,77,100,8.37,PG,1612243045
231,Riyadh,24.6877,46.7219,53.6,54,0,5.03,SA,1612242796
232,Kashima,33.1061,130.0906,51.8,43,0,20.71,JP,1612243045
233,Pemba,-12.974,40.5178,80.6,83,20,9.22,MZ,1612243045
234,Makassar,-5.14,119.4221,86.0,79,40,11.5,ID,1612242750
235,Manadhoo,5.7667,73.3833,83.37,67,46,24.47,MV,1612243046
236,Mandalgovi,45.7625,106.2708,6.8,73,61,9.31,MN,1612243046
237,Sinaloa,25.0,-107.5,62.6,82,20,0.27,MX,1612243047
238,Bethal,-26.4579,29.4655,55.0,97,100,7.0,ZA,1612243047
239,Nabire,-3.3667,135.4833,84.29,69,55,5.66,ID,1612242966
240,Laguna,38.421,-121.4238,57.99,62,90,4.61,US,1612243010
241,Byron Bay,-28.65,153.6167,73.4,94,90,8.05,AU,1612243047
242,Kenai,60.5544,-151.2583,10.0,66,1,8.05,US,1612243048
243,Tiznit Province,29.5833,-9.5,61.05,46,80,1.74,MA,1612243048
244,Lamu,-2.2717,40.902,75.2,88,20,4.61,KE,1612242901
245,Faanui,-16.4833,-151.75,81.68,76,62,13.51,PF,1612243048
246,Mount Gambier,-37.8333,140.7667,68.0,45,40,17.27,AU,1612243048
247,Tasiilaq,65.6145,-37.6368,17.6,86,90,16.11,GL,1612242773
248,Santa Vitória Do Palmar,-33.5189,-53.3681,70.18,95,2,4.56,BR,1612243049
249,Manavālakurichi,8.1333,77.3,87.8,51,20,2.3,IN,1612243049
250,Atlantis,-33.5667,18.4834,61.0,81,0,5.59,ZA,1612243049
251,Poum,-20.2333,164.0167,75.79,88,100,33.96,NC,1612243049
252,Pochutla,15.7432,-96.4661,73.0,82,0,3.0,MX,1612243050
253,Yukuhashi,33.7287,130.983,50.0,49,20,25.32,JP,1612243050
254,Elizabeth City,36.2946,-76.2511,33.01,93,99,4.0,US,1612243050
255,San Rafael Del Sur,11.8485,-86.4384,80.6,65,20,13.8,NI,1612243050
256,Shimoda,34.6667,138.95,59.0,51,20,24.16,JP,1612243050
257,Cuiluan,47.72,128.648,-13.4,79,99,13.42,CN,1612243051
258,Örnsköldsvik,63.2909,18.7153,5.0,92,20,6.91,SE,1612243051
259,Altay,47.8667,88.1167,22.1,84,100,0.4,CN,1612243051
260,Bukachacha,52.9833,116.9167,-10.57,75,0,3.89,RU,1612243051
261,Provideniya,64.3833,-173.3,5.04,92,100,23.89,RU,1612243052
262,Katsuura,35.1333,140.3,60.8,59,40,18.41,JP,1612242860
263,Kupang,-10.1667,123.5833,82.4,83,75,12.66,ID,1612243052
264,Vredendal,-31.6683,18.5012,69.57,52,0,7.72,ZA,1612243052
265,College,64.8569,-147.8028,-13.0,69,1,6.91,US,1612243053
266,Ponoka,52.6768,-113.5815,8.6,92,99,8.05,CA,1612242989
267,Fairbanks,64.8378,-147.7164,-13.0,69,1,4.61,US,1612243053
268,Pénjamo,20.4333,-101.7333,55.4,44,40,5.75,MX,1612243053
269,Peterhead,57.5058,-1.7981,28.99,93,75,2.3,GB,1612243053
270,Tigil',57.8,158.6667,-2.15,92,100,6.02,RU,1612243054
271,Yulara,-25.2406,130.9889,93.2,21,36,6.91,AU,1612243054
272,Farafangana,-22.8167,47.8333,82.71,78,14,4.03,MG,1612243054
273,Notre-Dame-Du-Lac,47.6136,-68.7964,17.6,85,97,1.14,CA,1612243054
274,Muros,42.7762,-9.0603,59.0,87,100,5.99,ES,1612242814
275,Cururupu,-1.8283,-44.8683,75.78,94,83,3.91,BR,1612243055
276,Comodoro Rivadavia,-45.8667,-67.5,68.0,49,0,2.3,AR,1612242912
277,Husavik,66.0449,-17.3389,19.4,79,0,3.44,IS,1612242865
278,Key West,24.5557,-81.7826,64.4,59,75,24.16,US,1612242876
279,Kyra,49.5776,111.9753,-6.48,79,0,4.23,RU,1612243056
280,Petropavlovsk-Kamchatskiy,53.0452,158.6483,17.6,41,0,11.18,RU,1612243056
281,Torbay,47.6666,-52.7314,28.0,86,90,14.97,CA,1612243056
282,Codrington,-38.2667,141.9667,61.75,60,66,12.93,AU,1612243056
283,Cap-Aux-Meules,47.3821,-61.8597,24.8,80,64,8.05,CA,1612243057
284,Goroka,-6.0834,145.3873,64.85,88,100,0.27,PG,1612243057
285,Constitución,-35.3333,-72.4167,57.24,84,4,4.18,CL,1612243057
286,Buala,-8.145,159.5921,79.56,87,78,12.3,SB,1612243057
287,Pokhara,28.2333,83.9833,65.66,26,0,5.88,NP,1612243057
288,Salalah,17.0151,54.0924,77.0,19,0,13.8,OM,1612242797
289,Westport,41.1415,-73.3579,33.01,97,100,5.01,US,1612242933
290,Fos-Sur-Mer,43.4377,4.9446,48.2,93,36,10.36,FR,1612243058
291,Hervey Bay,-25.2986,152.8535,84.0,61,53,8.01,AU,1612243058
292,Sovetskiy,61.3614,63.5842,14.68,95,21,9.26,RU,1612243058
293,San-Pédro,4.7485,-6.6363,76.84,92,9,5.17,CI,1612243060
294,North Battleford,52.7834,-108.2847,10.4,92,1,3.44,CA,1612243060
295,Saint-Joseph,-21.3667,55.6167,86.0,66,75,3.44,RE,1612243060
296,Kyzyl-Suu,42.3414,78.0056,33.08,92,100,2.71,KG,1612243060
297,Gikongoro,-2.464,29.5739,58.12,87,54,3.22,RW,1612243061
298,Laas,46.6166,10.7002,35.01,93,20,4.61,IT,1612243061
299,Ville-Marie,47.3335,-79.433,-4.0,84,1,9.22,CA,1612243061
300,Spearfish,44.4908,-103.8594,37.0,51,1,5.75,US,1612243033
301,City Of San Pedro,14.35,121.0167,84.99,65,20,8.05,PH,1612243022
302,Golden,39.7555,-105.2211,41.0,20,75,3.44,US,1612242976
303,Novosysoyevka,44.235,133.3642,-2.45,82,100,10.58,RU,1612243061
304,Lorengau,-2.0226,147.2712,84.87,72,93,14.67,PG,1612243062
305,Shuangcheng,45.35,126.2833,-4.0,54,0,11.18,CN,1612243062
306,Shām Churāsi,31.4997,75.7494,71.01,47,0,1.9,IN,1612243062
307,Ayan,56.45,138.1667,-26.91,70,100,13.51,RU,1612243062
308,Port Blair,11.6667,92.75,82.72,67,0,18.43,IN,1612242908
309,Concordia,-31.393,-58.0209,73.0,95,38,5.99,AR,1612243062
310,Puerto Del Rosario,28.5004,-13.8627,64.4,82,75,14.97,ES,1612243063
311,Sola,-13.8833,167.55,82.4,83,90,17.27,VU,1612243063
312,Yanam,16.7333,82.2167,80.6,65,20,6.91,IN,1612243063
313,Shache,38.4167,77.2406,37.45,60,89,3.31,CN,1612243063
314,Moerai,-22.4333,-151.3333,81.1,66,94,7.43,PF,1612243063
315,Cañon City,38.441,-105.2424,42.8,36,40,3.44,US,1612243063
316,Bhag,29.0415,67.8239,69.39,22,0,6.24,PK,1612243064
317,São Félix Do Xingu,-6.6447,-51.995,70.72,95,61,1.1,BR,1612243064
318,Igrim,63.1906,64.4162,14.22,94,95,10.76,RU,1612243064
319,Maningrida,-12.0667,134.2667,83.93,80,100,13.91,AU,1612243064
320,Aripuanã,-9.1667,-60.6333,72.63,98,100,0.65,BR,1612243066
321,Coquimbo,-29.9533,-71.3436,57.2,94,0,6.91,CL,1612242796
322,Aklavik,68.2191,-135.0107,-13.0,77,100,6.91,CA,1612243067
323,Bonnyville,54.2668,-110.735,8.6,78,75,3.44,CA,1612243067
324,Bubaque,11.2833,-15.8333,77.85,71,40,6.64,GW,1612243067
325,Ponta Delgada,37.7333,-25.6667,57.0,94,40,21.85,PT,1612243067
326,Pedernales,18.0384,-71.744,76.48,67,1,4.29,DO,1612243067
327,Ol'Ga,43.7444,135.2892,1.92,75,1,16.69,RU,1612243067
328,Mopipi,-21.1833,24.8833,76.21,76,100,0.56,BW,1612243068
329,Suratgarh,29.3167,73.9,70.43,23,0,9.75,IN,1612243068
330,Bethanien,-26.502,17.1583,69.28,49,0,3.27,NA,1612243068
331,Bone,51.9669,12.1396,35.01,96,100,7.11,DE,1612243068
332,Stromness,58.965,-3.296,37.4,70,26,18.41,GB,1612243068
333,Portland,45.5234,-122.6762,48.99,81,20,16.11,US,1612242762
334,Zambezi,-13.5432,23.1047,64.98,96,100,6.6,ZM,1612242844
335,Innisfail,-17.5333,146.0333,83.41,68,69,8.77,AU,1612242905
336,Karcsa,48.3113,21.8054,32.0,100,90,0.65,HU,1612243069
337,Maragogi,-9.0122,-35.2225,76.75,83,51,6.62,BR,1612243069
338,Waddān,29.1614,16.139,50.0,95,14,1.01,LY,1612242976
339,Quibdó,5.6947,-76.6611,74.7,94,59,0.87,CO,1612243069
340,Lensk,60.7253,114.9278,-27.58,80,100,10.92,RU,1612243069
341,Tommot,58.9564,126.2925,-26.77,79,100,11.95,RU,1612243070
342,Eina,60.6295,10.5993,12.99,85,90,4.61,NO,1612243070
343,Baker City,44.7749,-117.8344,44.6,49,90,9.22,US,1612243070
344,Huarmey,-10.0681,-78.1522,69.37,83,94,6.26,PE,1612243070
345,Nishihara,26.1842,127.7558,68.0,68,90,12.66,JP,1612243070
346,Huilong,31.8111,121.655,48.0,62,0,8.68,CN,1612243071
347,Kargopol',61.5071,38.9456,19.42,97,100,8.43,RU,1612243071
348,Cap Malheureux,-19.9842,57.6142,84.99,74,3,8.99,MU,1612243071
349,Alyangula,-13.8483,136.4192,91.4,52,40,8.05,AU,1612243071
350,Manggar,-2.8833,108.2667,85.51,68,92,13.49,ID,1612242812
351,Fort Nelson,58.8053,-122.7002,-7.6,77,90,6.91,CA,1612242904
352,Manzhouli,49.6,117.4333,-16.49,81,0,13.15,CN,1612243072
353,Siilinjärvi,63.0833,27.6667,-2.2,78,90,4.61,FI,1612243072
354,Lufilufi,-13.8745,-171.5986,82.4,89,90,13.8,WS,1612243072
355,Vostok,46.4856,135.8833,-19.07,85,96,9.15,RU,1612243072
356,Lishui,28.4604,119.9103,63.37,48,21,5.26,CN,1612243072
357,Nikolskoye,59.7035,30.7861,26.6,86,75,4.47,RU,1612243072
358,Baykal'Sk,51.5058,104.1469,5.05,91,98,3.56,RU,1612243073
359,South Sioux City,42.4739,-96.4136,23.0,93,90,5.75,US,1612243073
360,Xining,36.6167,101.7667,28.33,54,0,3.38,CN,1612243073
361,Storm Lake,42.6411,-95.2097,21.2,100,90,5.75,US,1612243073
362,Oussouye,12.485,-16.5469,66.2,100,0,2.3,SN,1612243074
363,Necochea,-38.5473,-58.7368,61.29,80,99,5.44,AR,1612243074
364,Alamosa,37.4695,-105.87,23.0,80,75,1.77,US,1612243075
365,Marsá Maţrūḩ,31.3525,27.2453,55.4,41,0,6.91,EG,1612243075
366,Upata,8.0086,-62.3989,75.0,89,94,3.0,VE,1612243076
367,Viedma,-40.8135,-62.9967,57.0,83,0,8.84,AR,1612243076
368,Srednekolymsk,67.45,153.6833,-8.52,91,100,13.29,RU,1612243076
369,Kudahuvadhoo,2.6708,72.8944,83.14,75,98,14.47,MV,1612243076
370,Morondava,-20.2833,44.2833,82.63,75,24,8.01,MG,1612243076
371,Rawson,-43.3002,-65.1023,72.18,34,83,19.51,AR,1612243076
372,Nizhniy Kuranakh,58.8353,125.4869,-27.42,80,100,8.81,RU,1612243077
373,Concepción Del Oro,24.6333,-101.4167,51.19,52,89,6.87,MX,1612243077
374,Mitú,1.1983,-70.1733,71.49,97,97,0.76,CO,1612243077
375,Sémbé,1.6481,14.5806,70.0,93,96,1.79,CG,1612243077
376,Okha,53.5739,142.9478,-24.21,84,100,17.56,RU,1612243077
377,Ürümqi,43.801,87.6005,21.2,63,96,2.24,CN,1612243078
378,Shubarshi,48.5872,57.1869,31.12,99,95,8.03,KZ,1612243078
379,Casambalangan,18.3765,122.1274,76.84,74,52,8.7,PH,1612243079
380,Krasnosel'Kup,65.7,82.4667,-10.98,88,100,19.19,RU,1612242899
381,Kratovo,42.0792,22.1814,37.4,100,75,2.51,MK,1612243079
382,Hay River,60.8156,-115.7999,-5.8,77,100,17.27,CA,1612242905
383,Saint-Pierre,-21.3393,55.4781,86.0,66,75,3.44,RE,1612243079
384,Sørland,67.667,12.6934,21.2,93,20,7.67,NO,1612243080
385,Bandarbeyla,9.4942,50.8122,74.07,64,81,19.1,SO,1612243080
386,Cilegon,-6.0174,106.0538,86.0,70,40,16.11,ID,1612243080
387,Qaqortoq,60.7167,-46.0333,26.6,74,75,3.0,GL,1612243080
388,Kibala,9.1104,18.3463,71.6,35,0,2.71,TD,1612243081
389,Nioki,-2.7167,17.6833,71.44,97,86,1.25,CD,1612243081
390,Moose Factory,51.2585,-80.6094,-7.6,77,90,4.61,CA,1612243081
391,Akureyri,65.6835,-18.0878,19.4,79,0,3.44,IS,1612243081
392,El Alto,-4.2714,-81.2147,72.21,82,67,15.77,PE,1612243081
393,Harper,4.375,-7.7169,77.81,89,8,4.7,LR,1612243082
394,Tuatapere,-46.1333,167.6833,69.76,57,97,4.18,NZ,1612243082
395,Bathsheba,13.2167,-59.5167,77.0,69,20,24.16,BB,1612242856
396,Kul'Dur,49.2167,131.6333,-25.78,79,96,9.84,RU,1612243082
397,Tyler,32.3513,-95.3011,44.6,53,1,5.17,US,1612243082
398,La Romana,18.4273,-68.9728,73.38,89,1,9.31,DO,1612242908
399,Muroto-Misakicho,33.2833,134.15,59.0,26,20,14.97,JP,1612243082
400,Colares,38.7992,-9.4469,59.0,94,100,9.55,PT,1612243083
401,Bara,10.3744,10.7288,63.59,27,0,3.83,NG,1612243083
402,Vila Franca Do Campo,37.7167,-25.4333,57.0,94,40,21.85,PT,1612243083
403,Aswān,24.0934,32.907,58.3,54,42,3.44,EG,1612243083
404,Jackson,42.4165,-122.8345,45.0,91,99,2.8,US,1612243083
405,Norman Wells,65.282,-126.8329,-18.4,76,90,16.11,CA,1612243084
406,Umm Kaddadah,13.6017,26.6876,69.44,23,0,8.79,SD,1612243084
407,Kavieng,-2.5744,150.7967,82.72,79,100,17.11,PG,1612243084
408,Dyurtyuli,55.4911,54.8688,23.67,98,100,15.12,RU,1612243084
409,Tarakan,3.3,117.6333,78.8,89,90,5.75,ID,1612242948
410,Puerto Quijarro,-17.7833,-57.7667,77.63,68,82,1.21,BO,1612243084
411,São Filipe,14.8961,-24.4956,71.51,77,0,10.67,CV,1612243084
412,Chake Chake,-5.2459,39.7666,80.2,71,40,5.06,TZ,1612243085
413,Noumea,-22.2763,166.4572,78.01,94,75,14.97,NC,1612243085
414,Mutare,-18.9707,32.6709,69.33,96,96,2.64,ZW,1612243085
415,Talcahuano,-36.7167,-73.1167,57.2,94,0,6.91,CL,1612243085
416,Biak,-0.9131,122.8766,85.53,61,100,2.06,ID,1612243085
417,Filingué,14.3521,3.3168,65.43,21,66,9.93,NE,1612243085
418,Sitka,57.0531,-135.33,33.8,80,90,4.61,US,1612243086
419,San Luis,-33.295,-66.3356,57.29,75,82,9.37,AR,1612243086
420,Kruisfontein,-34.0033,24.7314,57.0,94,31,1.99,ZA,1612243086
421,Ancud,-41.8697,-73.8203,54.0,71,0,4.61,CL,1612243086
422,Grindavik,63.8424,-22.4338,30.2,80,0,19.57,IS,1612243087
423,Garoowe,8.4054,48.4845,64.31,67,50,14.92,SO,1612243087
424,Karachi,24.9056,67.0822,69.8,60,0,3.44,PK,1612243087
425,Margate,51.3813,1.3862,44.01,91,100,1.99,GB,1612243087
426,Jaciara,-15.9653,-54.9683,72.43,84,100,1.95,BR,1612243088
427,Primalkinskoye,43.7467,44.0083,30.2,93,48,1.63,RU,1612243088
428,Smyshlyayevka,53.2391,50.3907,32.0,100,90,24.61,RU,1612243088
429,Geraldton,-28.7667,114.6,75.2,73,90,19.57,AU,1612243088
430,Kargasok,59.0556,80.8572,0.81,88,66,9.35,RU,1612243088
431,Varberg,57.1056,12.2508,21.99,94,48,5.01,SE,1612243089
432,Basco,20.4487,121.9702,73.35,78,6,20.78,PH,1612243089
433,Tura,25.5198,90.2201,74.12,34,0,2.8,IN,1612243089
434,Bonavista,48.6499,-53.1147,27.0,80,100,4.61,CA,1612243089
435,Ballina,-28.8667,153.5667,73.4,94,90,8.05,AU,1612243089
436,Minamata,32.2167,130.4,51.8,32,0,21.85,JP,1612243090
437,Korla,41.7597,86.1469,31.33,74,100,3.83,CN,1612243090
438,Vardø,70.3705,31.1107,19.4,86,20,14.97,NO,1612242874
439,Zhirnovsk,50.9845,44.7735,35.94,96,100,14.16,RU,1612243090
440,Anloga,5.7947,0.8973,82.4,89,20,5.75,GH,1612243091
441,Durban,-29.8579,31.0292,64.0,88,90,9.22,ZA,1612242959
442,Kikwit,-5.041,18.8162,69.76,96,99,0.78,CD,1612243091
443,Halkirk,52.2834,-112.1518,8.6,100,97,8.05,CA,1612243091
444,Dzilam González,21.2833,-88.9333,63.93,72,13,7.92,MX,1612242911
445,Rocha,-34.4833,-54.3333,67.5,95,1,3.2,UY,1612243092
446,Darhan,49.4867,105.9228,-3.3,83,100,1.68,MN,1612243092
447,Batagay-Alyta,67.8006,130.4114,-26.45,83,100,2.33,RU,1612243093
448,Port Keats,-14.25,129.55,86.49,69,100,8.93,AU,1612243093
449,Sangar,63.9242,127.4739,-44.05,77,87,7.49,RU,1612243093
450,Mukhen,48.1,136.1,-15.9,81,100,14.16,RU,1612243093
451,Esna,25.2934,32.554,50.0,62,0,3.44,EG,1612243094
452,Palm Beach,26.6503,-80.4498,53.01,73,7,11.01,US,1612243094
453,Imphal,24.8167,93.95,64.4,52,20,3.44,IN,1612243094
454,Kupino,54.3663,77.2981,3.16,92,23,6.04,RU,1612243094
455,Verkhniy Mamon,50.1635,40.3832,38.16,93,100,8.77,RU,1612243095
456,Vao,-22.6667,167.4833,75.76,82,100,28.05,NC,1612243095
457,Magdalena,14.1999,121.429,84.99,65,20,8.05,PH,1612243095
458,Puerto Carreño,6.189,-67.4859,78.8,59,98,8.99,CO,1612242848
459,Abu Dhabi,24.4667,54.3667,66.2,72,40,3.44,AE,1612243029
460,Chumikan,54.7183,135.315,-22.18,74,22,19.1,RU,1612243095
461,San Quintín,30.4833,-115.95,62.31,66,100,0.29,MX,1612243096
462,Verkhneyarkeyevo,55.4505,54.3145,25.27,98,100,15.61,RU,1612243096
463,Igarka,67.4667,86.5833,-8.1,88,100,16.73,RU,1612243096
464,Wichian Buri,15.6578,101.106,93.0,31,9,8.08,TH,1612243096
465,Itupiranga,-5.1347,-49.3267,77.0,94,0,5.75,BR,1612243096
466,Marsh Harbour,26.5412,-77.0636,62.73,72,16,29.77,BS,1612243097
467,Yermish',54.7678,42.2711,10.17,95,41,5.28,RU,1612243097
468,Oranjemund,-28.55,16.4333,61.52,89,1,2.13,NA,1612243097
469,Mount Isa,-20.7333,139.5,104.0,22,75,10.36,AU,1612243098
470,Hamilton,39.1834,-84.5333,28.4,86,90,11.5,US,1612242809
471,Popondetta,-8.7537,148.2534,84.13,68,100,2.39,PG,1612243098
472,Chapais,49.7834,-74.8492,14.0,92,90,6.91,CA,1612243098
473,Gigmoto,13.7796,124.39,81.63,73,27,14.72,PH,1612243098
474,Teya,60.3778,92.6267,-4.86,82,91,1.41,RU,1612243098
475,Barranca,-10.75,-77.7667,68.18,87,93,2.84,PE,1612243099
476,Upington,-28.4478,21.2561,68.0,60,0,8.12,ZA,1612243099
477,Beloha,-25.1667,45.05,85.64,63,0,6.44,MG,1612243099
478,Vila Velha,-20.3297,-40.2925,75.2,83,20,4.61,BR,1612243099
479,Sungai Penuh,-2.0833,101.3833,76.68,78,43,2.59,ID,1612243099
480,Kushima,31.4583,131.2333,60.8,21,20,17.27,JP,1612243100
481,Turbat,26.0023,63.044,73.11,28,0,5.32,PK,1612243100
482,Mogadishu,2.0371,45.3438,73.4,68,40,9.22,SO,1612243100
483,Fomboni,-12.28,43.7425,83.79,64,53,2.57,KM,1612243100
484,Lima,-12.0432,-77.0282,68.0,83,0,5.75,PE,1612242886
485,Borovskoy,53.8,64.15,20.88,97,100,6.93,KZ,1612243100
486,Sibolga,1.7427,98.7792,85.42,63,77,5.1,ID,1612243101
487,Adrar,20.5022,-10.0711,63.52,25,71,6.78,MR,1612243101
488,Belmonte,-15.8631,-38.8828,71.6,94,40,3.44,BR,1612243101
489,Jiayuguan City,39.8167,98.3,32.83,52,73,4.27,CN,1612243101
490,Kurtamysh,54.9103,64.4319,21.07,95,100,6.71,RU,1612243101
491,Caucaia,-3.7361,-38.6531,81.0,74,40,14.97,BR,1612243102
492,Coahuayana Viejo,18.7333,-103.6833,70.95,88,0,3.09,MX,1612243102
493,Ternate,0.8,127.4,82.85,75,71,10.18,ID,1612243102
494,Laurens,32.4502,-82.9165,39.2,60,90,13.8,US,1612243103
495,Soe,-9.8607,124.284,78.1,77,100,10.22,ID,1612243103
496,Ponnāni,10.767,75.9252,84.2,58,20,3.44,IN,1612243104
497,Faya,18.3851,42.4509,59.0,71,0,0.56,SA,1612243104
498,Nizhniye Vyazovyye,55.7988,48.5248,21.2,93,90,6.71,RU,1612243104
499,Porto-Novo,6.4965,2.6036,82.4,89,40,8.05,BJ,1612243104
500,Paamiut,61.994,-49.6678,11.32,89,37,18.9,GL,1612243104
501,Banda Aceh,5.5577,95.3222,85.28,68,19,11.12,ID,1612242892
502,Erzin,36.9559,36.2,50.0,76,6,15.99,TR,1612243104
503,Matagami,49.7502,-77.6328,-4.0,84,1,2.3,CA,1612243104
504,Puerto El Triunfo,13.2833,-88.55,80.6,54,0,5.75,SV,1612243105
505,Lázaro Cárdenas,17.9583,-102.2,73.72,84,0,4.32,MX,1612243105
506,Petropavlovka,50.6114,105.3196,-3.42,83,66,1.95,RU,1612243013
507,Kunya,12.2233,8.5325,53.6,50,0,5.64,NG,1612243105
508,North Bend,43.4065,-124.2243,48.2,93,90,4.61,US,1612242896
509,Soskovo,52.7475,35.3828,7.81,92,18,6.71,RU,1612243106
510,Mapastepec,15.4333,-92.9,76.8,50,0,7.65,MX,1612243106
511,Terney,45.0503,136.6092,-2.88,79,0,15.57,RU,1612243106
512,Dobryanka,58.4619,56.4165,19.4,79,100,4.47,RU,1612243107
513,Half Moon Bay,37.4636,-122.4286,55.99,93,90,9.22,US,1612243107
514,Vizinga,61.0749,50.1031,15.78,96,94,6.96,RU,1612242889
515,Arrifes,37.7667,-25.7,57.0,94,40,21.85,PT,1612243107
516,Naica,27.85,-105.4833,55.78,39,99,5.84,MX,1612243107
517,Novomykolayivka,47.9781,35.9102,42.8,100,90,11.7,UA,1612243108
518,Pacific Grove,36.6177,-121.9166,53.6,82,90,3.44,US,1612243020
519,Egvekinot,66.3167,-179.1667,2.16,96,100,12.66,RU,1612243108
520,Teófilo Otoni,-17.8575,-41.5053,66.58,94,98,1.81,BR,1612243109
521,Nemuro,43.3236,145.575,30.2,64,75,16.11,JP,1612243109
522,Hoquiam,46.9809,-123.8893,45.0,81,90,11.5,US,1612243109
523,Hazaribagh,23.9833,85.35,69.13,24,0,8.61,IN,1612243027
524,Pantai Remis,4.4557,100.6288,87.8,74,40,2.3,MY,1612243110
525,Amberley,39.2048,-84.428,28.4,86,90,11.5,US,1612243110
526,Buin,-33.7333,-70.75,62.01,88,3,5.75,CL,1612243110
527,Prome,18.8167,95.2167,84.6,17,19,3.78,MM,1612243110
528,Kjøpsvik,68.097,16.3742,28.0,74,90,8.05,NO,1612243110
529,Epe,6.5841,3.9834,77.4,92,24,4.5,NG,1612243110
530,Tonantins,-2.8731,-67.8022,73.53,97,98,1.63,BR,1612243111
531,Takoradze,4.8845,-1.7554,78.48,87,22,8.14,GH,1612243111
532,Itoman,26.1247,127.6694,68.0,77,75,19.57,JP,1612243112
533,Bǝrdǝ,40.3744,47.1267,33.8,100,3,3.44,AZ,1612243112
534,Kota Belud,6.351,116.4305,86.0,79,20,3.44,MY,1612243112
535,Baykit,61.67,96.37,-9.98,85,100,2.1,RU,1612243112
536,Dzaoudzi,-12.7887,45.2699,86.0,74,0,6.91,YT,1612243112
537,Passagem Franca,-6.1797,-43.7836,71.87,92,19,0.13,BR,1612243113
538,Saint-Augustin,51.226,-58.6502,11.86,89,0,6.13,CA,1612243113
539,Chernyshevskiy,63.0128,112.4714,-36.24,83,65,4.76,RU,1612243113
540,Santiago,-33.4569,-70.6483,62.01,88,0,5.75,CL,1612242901
541,Tezu,27.9167,96.1667,76.17,22,1,3.98,IN,1612243113
542,Coyhaique,-45.5752,-72.0662,50.0,81,0,2.3,CL,1612243097
543,Al Bardīyah,31.7561,25.0865,57.99,87,73,7.43,LY,1612243113
544,Los Llanos De Aridane,28.6585,-17.9182,62.6,82,0,9.22,ES,1612243114
545,Harrisonburg,38.4496,-78.8689,32.0,86,90,3.44,US,1612243114
546,Hokitika,-42.7167,170.9667,65.28,74,23,7.52,NZ,1612243114
547,Nouadhibou,20.931,-17.0347,62.6,82,0,14.97,MR,1612243114
548,Ilhabela,-23.7781,-45.3581,76.48,78,90,4.0,BR,1612243114
549,Ziro,27.6333,93.8333,69.8,56,20,5.75,IN,1612243115
550,Columbus,39.9612,-82.9988,27.0,86,90,12.66,US,1612243020
551,Conde,-7.2597,-34.9075,78.8,78,20,6.91,BR,1612243116
552,Mbigou,-1.9005,11.906,68.32,98,100,2.37,GA,1612243033
553,Tutóia,-2.7619,-42.2744,79.05,81,73,12.8,BR,1612243116
